{
  "name": "angels-smelting-extended",
  "version": "0.18.9",
  "factorio_version": "0.18",
  "title": "Angel's Extended Smelting and Compression",
  "author": "pezzawinkle",
  "contact": "",
  "homepage": "",
  "description": "Extension to Angel's Smelting providing all metal mixing recipies to metallurgy (Brass, Bronze, etc) and compression on metal casting (eg. Iron Sheet) as well as casting gear wheels and pipes",
  "dependencies": [
	"angelspetrochem >= 0.9.4",
	"angelsrefining >= 0.11.6",
	"angelssmelting >= 0.6.2",
  "? angelsindustries >=0.3.5",
	"? bobplates >= 0.18.0",
  "(?) boblogistics >= 0.18.0",
  "! angelssmelting-extended-upgradet >=0.0.3"
  ]
}
