{
  "name": "flib",
  "version": "0.1.5",
  "title": "Factorio Library",
  "author": "Raiguard, Optera, justarandomgeek, Nexela",
  "contact": "https://github.com/factoriolib/flib",
  "homepage": "https://github.com/factoriolib/flib",
  "description": "Factorio modding library, containing several high-quality and well-tested modules to make modding easier. Contributions are welcome!",
  "factorio_version": "0.18",
  "dependencies": ["base >= 0.18.19"],
  "package": {
    "ignore": ["*.code-workspace", "docs/**"]
  }
}
