{
  "name": "angelssmelting",
  "version": "0.6.8",
  "factorio_version": "0.18",
  "title": "Angel's Smelting",
  "author": "Arch666Angel",
  "contact": "",
  "homepage": "https://forums.factorio.com/viewforum.php?f=185",
  "description": "Angel's Smelting provides alternative ways to produce plate and increase ore yield at the expense of space and energy.",
  "dependencies": [
    "base >= 0.18.27",
    "angelspetrochem >= 0.9.9",
    "angelsrefining >= 0.11.11",
    "? bobplates >= 0.18.8"
  ]
}