{
  "name": "angelsindustries",
  "version": "0.4.3",
  "factorio_version": "0.18",
  "title": "Angel's Industries",
  "author": "Arch666Angel",
  "contact": "",
  "homepage": "",
  "description": "Adds components, equipment and a tech overhaul as well as the tool you need to expand and grow your base. [Beta]",
  "dependencies": [
    "base >= 0.18.27",
    "angelsrefining >= 0.11.13",
    "angelspetrochem >= 0.9.9",
    "angelsbioprocessing >= 0.7.9",
    "angelssmelting >= 0.6.7",
    "(?)bobtech >= 0.18.3",
    "(?)aai-industry >= 0.4.12",
    "(?)bobrevamp >= 0.18.5"
  ]
}