{
  "name": "angelsbioprocessing",
  "version": "0.7.11",
  "factorio_version": "0.18",
  "title": "Angel's Bio Processing",
  "author": "Arch666Angel",
  "contact": "",
  "homepage": "https://forums.factorio.com/viewforum.php?f=185",
  "description": "Adds ways to recycle and process waste products through biological means and make use of biological processes and farming.",
  "dependencies": [
    "base >= 0.18.27",
    "angelsrefining >= 0.11.11",
    "angelspetrochem >= 0.9.9",
    "angelssmelting >= 0.6.7",
    "? bobenemies >= 0.18.5"
  ]
}